what,kind,bundleId,bundleVersion,description,time
closed,editor,org.eclipse.cdt.ui,5.3.2.201202111925,"org.eclipse.cdt.ui.editor.CEditor",1776919477407
started,bundle,com.altera.sbtgui.ui,13.13.0.132,"com.altera.sbtgui.ui",1776919481008
deactivated,workbench,org.eclipse.ui.workbench,3.7.1.v20120104-1859,"",1776919481324
activated,workbench,org.eclipse.ui.workbench,3.7.1.v20120104-1859,"",1776919496501
deactivated,workbench,org.eclipse.ui.workbench,3.7.1.v20120104-1859,"",1776919500933
activated,workbench,org.eclipse.ui.workbench,3.7.1.v20120104-1859,"",1776919505905
deactivated,workbench,org.eclipse.ui.workbench,3.7.1.v20120104-1859,"",1776919510262
activated,workbench,org.eclipse.ui.workbench,3.7.1.v20120104-1859,"",1776919511908
deactivated,workbench,org.eclipse.ui.workbench,3.7.1.v20120104-1859,"",1776919512249
opened,editor,org.eclipse.cdt.ui,5.3.2.201202111925,"org.eclipse.cdt.ui.editor.CEditor",1776919512355
activated,workbench,org.eclipse.ui.workbench,3.7.1.v20120104-1859,"",1776919512407
activated,editor,org.eclipse.cdt.ui,5.3.2.201202111925,"org.eclipse.cdt.ui.editor.CEditor",1776919512418
deactivated,workbench,org.eclipse.ui.workbench,3.7.1.v20120104-1859,"",1776919512501
activated,workbench,org.eclipse.ui.workbench,3.7.1.v20120104-1859,"",1776919513317
executed,command,org.eclipse.ui,3.7.0.v20110928-1505,"org.eclipse.ui.edit.paste",1776919513793
deactivated,workbench,org.eclipse.ui.workbench,3.7.1.v20120104-1859,"",1776919520002
activated,workbench,org.eclipse.ui.workbench,3.7.1.v20120104-1859,"",1776919520972
executed,command,org.eclipse.ui,3.7.0.v20110928-1505,"org.eclipse.ui.file.save",1776919521040
activated,view,org.eclipse.ui.navigator.resources,3.4.300.v20110928-1505,"org.eclipse.ui.navigator.ProjectExplorer",1776919521693
deactivated,workbench,org.eclipse.ui.workbench,3.7.1.v20120104-1859,"",1776919523857
activated,workbench,org.eclipse.ui.workbench,3.7.1.v20120104-1859,"",1776919524630
activated,view,org.eclipse.ui.console,3.5.100.v20111007_r372,"org.eclipse.ui.console.ConsoleView",1776919524719
activated,view,org.eclipse.ui.navigator.resources,3.4.300.v20110928-1505,"org.eclipse.ui.navigator.ProjectExplorer",1776919534013
deactivated,workbench,org.eclipse.ui.workbench,3.7.1.v20120104-1859,"",1776919534340
activated,workbench,org.eclipse.ui.workbench,3.7.1.v20120104-1859,"",1776919535966
deactivated,workbench,org.eclipse.ui.workbench,3.7.1.v20120104-1859,"",1776919539999
activated,workbench,org.eclipse.ui.workbench,3.7.1.v20120104-1859,"",1776919543162
deactivated,workbench,org.eclipse.ui.workbench,3.7.1.v20120104-1859,"",1776919545731
activated,workbench,org.eclipse.ui.workbench,3.7.1.v20120104-1859,"",1776919547056
executed,command,,,"com.altera.sbtgui.launch.modelsim.Nios2ModelsimLaunchShortcut.run",1776919547358
error,log,,,"Failed Executing: make sim SPD=D:/CE433/DES-56bits-key/system_tb.spd ELF=D:/CE433/DES-56bits-key/software/des1/RUN_ON_HDL_SIMULATOR_ONLY_des1.elf ENABLE_VSIM_GUI=1 VSIM_DIR='E:/altera/13.0sp1/modelsim_ae/win32aloem'  return code: 2",1776919551419
deactivated,workbench,org.eclipse.ui.workbench,3.7.1.v20120104-1859,"",1776919551450
activated,workbench,org.eclipse.ui.workbench,3.7.1.v20120104-1859,"",1776919564167
deactivated,workbench,org.eclipse.ui.workbench,3.7.1.v20120104-1859,"",1776919566831
activated,workbench,org.eclipse.ui.workbench,3.7.1.v20120104-1859,"",1776919572303
deactivated,workbench,org.eclipse.ui.workbench,3.7.1.v20120104-1859,"",1776919574962
activated,workbench,org.eclipse.ui.workbench,3.7.1.v20120104-1859,"",1776919574993
deactivated,workbench,org.eclipse.ui.workbench,3.7.1.v20120104-1859,"",1776919577636
activated,workbench,org.eclipse.ui.workbench,3.7.1.v20120104-1859,"",1776919768399
deactivated,workbench,org.eclipse.ui.workbench,3.7.1.v20120104-1859,"",1776919768696
activated,workbench,org.eclipse.ui.workbench,3.7.1.v20120104-1859,"",1776919809134
activated,editor,org.eclipse.cdt.ui,5.3.2.201202111925,"org.eclipse.cdt.ui.editor.CEditor",1776919812075
deactivated,workbench,org.eclipse.ui.workbench,3.7.1.v20120104-1859,"",1776919817133
activated,workbench,org.eclipse.ui.workbench,3.7.1.v20120104-1859,"",1776919832085
deactivated,workbench,org.eclipse.ui.workbench,3.7.1.v20120104-1859,"",1776919833805
activated,workbench,org.eclipse.ui.workbench,3.7.1.v20120104-1859,"",1776919837246
deactivated,workbench,org.eclipse.ui.workbench,3.7.1.v20120104-1859,"",1776919838648
activated,workbench,org.eclipse.ui.workbench,3.7.1.v20120104-1859,"",1776919841340
deactivated,workbench,org.eclipse.ui.workbench,3.7.1.v20120104-1859,"",1776919841632
activated,workbench,org.eclipse.ui.workbench,3.7.1.v20120104-1859,"",1776919842821
deactivated,workbench,org.eclipse.ui.workbench,3.7.1.v20120104-1859,"",1776919845087
activated,workbench,org.eclipse.ui.workbench,3.7.1.v20120104-1859,"",1776919848705
deactivated,workbench,org.eclipse.ui.workbench,3.7.1.v20120104-1859,"",1776919851081
activated,workbench,org.eclipse.ui.workbench,3.7.1.v20120104-1859,"",1776919853869
deactivated,workbench,org.eclipse.ui.workbench,3.7.1.v20120104-1859,"",1776919857986
activated,workbench,org.eclipse.ui.workbench,3.7.1.v20120104-1859,"",1776919859386
deactivated,workbench,org.eclipse.ui.workbench,3.7.1.v20120104-1859,"",1776919860532
activated,workbench,org.eclipse.ui.workbench,3.7.1.v20120104-1859,"",1776919863801
deactivated,workbench,org.eclipse.ui.workbench,3.7.1.v20120104-1859,"",1776919868877
activated,workbench,org.eclipse.ui.workbench,3.7.1.v20120104-1859,"",1776920051657
executed,command,org.eclipse.ui,3.7.0.v20110928-1505,"org.eclipse.ui.file.save",1776920053646
activated,view,org.eclipse.ui.navigator.resources,3.4.300.v20110928-1505,"org.eclipse.ui.navigator.ProjectExplorer",1776920055745
deactivated,workbench,org.eclipse.ui.workbench,3.7.1.v20120104-1859,"",1776920057745
activated,workbench,org.eclipse.ui.workbench,3.7.1.v20120104-1859,"",1776920060008
executed,command,,,"com.altera.sbtgui.launch.modelsim.Nios2ModelsimLaunchShortcut.run",1776920060257
deactivated,workbench,org.eclipse.ui.workbench,3.7.1.v20120104-1859,"",1776920060395
activated,workbench,org.eclipse.ui.workbench,3.7.1.v20120104-1859,"",1776920533730
activated,editor,org.eclipse.cdt.ui,5.3.2.201202111925,"org.eclipse.cdt.ui.editor.CEditor",1776920534669
deactivated,workbench,org.eclipse.ui.workbench,3.7.1.v20120104-1859,"",1776920549966
activated,workbench,org.eclipse.ui.workbench,3.7.1.v20120104-1859,"",1776920561700
activated,workbench,org.eclipse.ui.workbench,3.7.1.v20120104-1859,"",1776920564133
deactivated,workbench,org.eclipse.ui.workbench,3.7.1.v20120104-1859,"",1776920574494
activated,workbench,org.eclipse.ui.workbench,3.7.1.v20120104-1859,"",1776920584457
executed,command,org.eclipse.ui,3.7.0.v20110928-1505,"org.eclipse.ui.edit.paste",1776920586667
deactivated,workbench,org.eclipse.ui.workbench,3.7.1.v20120104-1859,"",1776920587631
activated,workbench,org.eclipse.ui.workbench,3.7.1.v20120104-1859,"",1776920590759
executed,command,org.eclipse.ui,3.7.0.v20110928-1505,"org.eclipse.ui.edit.paste",1776920595988
executed,command,org.eclipse.ui,3.7.0.v20110928-1505,"org.eclipse.ui.file.save",1776920597444
deactivated,workbench,org.eclipse.ui.workbench,3.7.1.v20120104-1859,"",1776920598261
activated,workbench,org.eclipse.ui.workbench,3.7.1.v20120104-1859,"",1776920601780
deactivated,workbench,org.eclipse.ui.workbench,3.7.1.v20120104-1859,"",1776920605605
activated,workbench,org.eclipse.ui.workbench,3.7.1.v20120104-1859,"",1776920609457
deactivated,workbench,org.eclipse.ui.workbench,3.7.1.v20120104-1859,"",1776920624792
activated,workbench,org.eclipse.ui.workbench,3.7.1.v20120104-1859,"",1776920701765
deactivated,workbench,org.eclipse.ui.workbench,3.7.1.v20120104-1859,"",1776920704213
activated,workbench,org.eclipse.ui.workbench,3.7.1.v20120104-1859,"",1776921058717
deactivated,workbench,org.eclipse.ui.workbench,3.7.1.v20120104-1859,"",1776921059241
activated,workbench,org.eclipse.ui.workbench,3.7.1.v20120104-1859,"",1776921059983
closed,workbench,org.eclipse.ui.workbench,3.7.1.v20120104-1859,"",1776921060107
stopped,bundle,org.eclipse.cdt.build.crossgcc,1.0.2.201202111925,"org.eclipse.cdt.build.crossgcc",1776921060693
stopped,bundle,org.eclipse.cdt.codan.checkers.ui,1.0.0.201202111925,"org.eclipse.cdt.codan.checkers.ui",1776921060693
activated,perspective,com.altera.sbtgui.ui,,"com.altera.sbtgui.ui.cPerspective",1776921153582
started,bundle,org.eclipse.osgi,3.7.2.v20120110-1415,"org.eclipse.osgi",1776921153582
started,bundle,org.eclipse.equinox.simpleconfigurator,1.0.200.v20110815-1438,"org.eclipse.equinox.simpleconfigurator",1776921153582
started,bundle,com.ibm.icu,4.4.2.v20110823,"com.ibm.icu",1776921153583
started,bundle,org.eclipse.cdt.codan.checkers,1.0.1.201202111925,"org.eclipse.cdt.codan.checkers",1776921153583
started,bundle,org.eclipse.cdt.codan.core,2.0.0.201202111925,"org.eclipse.cdt.codan.core",1776921153583
started,bundle,org.eclipse.cdt.codan.core.cxx,1.0.0.201202111925,"org.eclipse.cdt.codan.core.cxx",1776921153583
started,bundle,org.eclipse.cdt.codan.ui.cxx,2.0.0.201202111925,"org.eclipse.cdt.codan.ui.cxx",1776921153583
started,bundle,org.eclipse.cdt.core,5.3.2.201202111925,"org.eclipse.cdt.core",1776921153583
started,bundle,org.eclipse.cdt.make.core,7.1.2.201202111925,"org.eclipse.cdt.make.core",1776921153584
started,bundle,org.eclipse.cdt.make.ui,7.1.2.201202111925,"org.eclipse.cdt.make.ui",1776921153584
started,bundle,org.eclipse.cdt.managedbuilder.core,8.0.2.201202111925,"org.eclipse.cdt.managedbuilder.core",1776921153584
started,bundle,org.eclipse.cdt.managedbuilder.gnu.ui,8.0.2.201202111925,"org.eclipse.cdt.managedbuilder.gnu.ui",1776921153584
started,bundle,org.eclipse.cdt.msw.build,1.0.0.201202111925,"org.eclipse.cdt.msw.build",1776921153585
started,bundle,org.eclipse.cdt.ui,5.3.2.201202111925,"org.eclipse.cdt.ui",1776921153585
started,bundle,org.eclipse.compare.core,3.5.200.I20110208-0800,"org.eclipse.compare.core",1776921153585
started,bundle,org.eclipse.core.contenttype,3.4.100.v20110423-0524,"org.eclipse.core.contenttype",1776921153585
started,bundle,org.eclipse.core.databinding.observable,1.4.0.I20110222-0800,"org.eclipse.core.databinding.observable",1776921153585
started,bundle,org.eclipse.core.expressions,3.4.300.v20110228,"org.eclipse.core.expressions",1776921153585
started,bundle,org.eclipse.core.filebuffers,3.5.200.v20110928-1504,"org.eclipse.core.filebuffers",1776921153586
started,bundle,org.eclipse.core.filesystem,1.3.100.v20110423-0524,"org.eclipse.core.filesystem",1776921153586
started,bundle,org.eclipse.core.jobs,3.5.101.v20120113-1953,"org.eclipse.core.jobs",1776921153586
started,bundle,org.eclipse.core.net,1.2.100.I20110511-0800,"org.eclipse.core.net",1776921153586
started,bundle,org.eclipse.core.resources,3.7.101.v20120125-1505,"org.eclipse.core.resources",1776921153587
started,bundle,org.eclipse.core.runtime,3.7.0.v20110110,"org.eclipse.core.runtime",1776921153587
started,bundle,org.eclipse.core.runtime.compatibility,3.2.100.v20100505,"org.eclipse.core.runtime.compatibility",1776921153587
started,bundle,org.eclipse.core.runtime.compatibility.auth,3.2.200.v20110110,"org.eclipse.core.runtime.compatibility.auth",1776921153587
started,bundle,org.eclipse.core.variables,3.2.500.v20110928-1503,"org.eclipse.core.variables",1776921153587
started,bundle,org.eclipse.debug.core,3.7.1.v20111129-2031,"org.eclipse.debug.core",1776921153588
started,bundle,org.eclipse.egit.core,1.3.0.201202151440-r,"org.eclipse.egit.core",1776921153588
started,bundle,org.eclipse.egit.ui,1.3.0.201202151440-r,"org.eclipse.egit.ui",1776921153588
started,bundle,org.eclipse.epp.mpc.ui,1.1.1.I20110907-0947,"org.eclipse.epp.mpc.ui",1776921153589
started,bundle,org.eclipse.epp.usagedata.gathering,1.3.1.R201106061540,"org.eclipse.epp.usagedata.gathering",1776921153589
started,bundle,org.eclipse.epp.usagedata.recording,1.3.1.R201106061540,"org.eclipse.epp.usagedata.recording",1776921153589
started,bundle,org.eclipse.equinox.app,1.3.100.v20110321,"org.eclipse.equinox.app",1776921153589
started,bundle,org.eclipse.equinox.common,3.6.0.v20110523,"org.eclipse.equinox.common",1776921153589
started,bundle,org.eclipse.equinox.ds,1.3.1.R37x_v20110701,"org.eclipse.equinox.ds",1776921153589
started,bundle,org.eclipse.equinox.event,1.2.100.v20110502,"org.eclipse.equinox.event",1776921153590
started,bundle,org.eclipse.equinox.p2.core,2.1.1.v20120113-1346,"org.eclipse.equinox.p2.core",1776921153590
started,bundle,org.eclipse.equinox.p2.directorywatcher,1.0.300.v20110815-1419,"org.eclipse.equinox.p2.directorywatcher",1776921153590
started,bundle,org.eclipse.equinox.p2.engine,2.1.1.R37x_v20111003,"org.eclipse.equinox.p2.engine",1776921153590
started,bundle,org.eclipse.equinox.p2.metadata,2.1.0.v20110815-1419,"org.eclipse.equinox.p2.metadata",1776921153590
started,bundle,org.eclipse.equinox.p2.metadata.repository,1.2.0.v20110815-1419,"org.eclipse.equinox.p2.metadata.repository",1776921153591
started,bundle,org.eclipse.equinox.p2.operations,2.1.1.R37x_v20111111,"org.eclipse.equinox.p2.operations",1776921153591
started,bundle,org.eclipse.equinox.p2.reconciler.dropins,1.1.100.v20110815-1419,"org.eclipse.equinox.p2.reconciler.dropins",1776921153591
started,bundle,org.eclipse.equinox.p2.repository,2.1.1.v20120113-1346,"org.eclipse.equinox.p2.repository",1776921153591
started,bundle,org.eclipse.equinox.p2.ui.sdk.scheduler,1.0.100.v20110815-1419,"org.eclipse.equinox.p2.ui.sdk.scheduler",1776921153591
started,bundle,org.eclipse.equinox.p2.updatechecker,1.1.200.v20110815-1419,"org.eclipse.equinox.p2.updatechecker",1776921153591
started,bundle,org.eclipse.equinox.preferences,3.4.2.v20120111-2020,"org.eclipse.equinox.preferences",1776921153592
started,bundle,org.eclipse.equinox.registry,3.5.101.R37x_v20110810-1611,"org.eclipse.equinox.registry",1776921153592
started,bundle,org.eclipse.equinox.security,1.1.1.R37x_v20110822-1018,"org.eclipse.equinox.security",1776921153680
started,bundle,org.eclipse.equinox.util,1.0.300.v20110502,"org.eclipse.equinox.util",1776921153681
started,bundle,org.eclipse.help,3.5.100.v20110426,"org.eclipse.help",1776921153681
started,bundle,org.eclipse.jface,3.7.0.v20110928-1505,"org.eclipse.jface",1776921153681
started,bundle,org.eclipse.jgit,1.3.0.201202151440-r,"org.eclipse.jgit",1776921153682
started,bundle,org.eclipse.jsch.core,1.1.300.I20110514-0800,"org.eclipse.jsch.core",1776921153682
started,bundle,org.eclipse.linuxtools.cdt.autotools.core,1.0.2.201202152032,"org.eclipse.linuxtools.cdt.autotools.core",1776921153683
started,bundle,org.eclipse.ltk.core.refactoring,3.5.201.r372_v20111101-0700,"org.eclipse.ltk.core.refactoring",1776921153683
started,bundle,org.eclipse.ltk.ui.refactoring,3.6.0.v20110928-1453,"org.eclipse.ltk.ui.refactoring",1776921153683
started,bundle,org.eclipse.mylyn.bugzilla.core,3.6.5.v20120123-0100,"org.eclipse.mylyn.bugzilla.core",1776921153684
started,bundle,org.eclipse.mylyn.bugzilla.ui,3.6.0.v20110608-1400,"org.eclipse.mylyn.bugzilla.ui",1776921153684
started,bundle,org.eclipse.mylyn.commons.identity,0.8.0.v20110608-1400,"org.eclipse.mylyn.commons.identity",1776921153684
started,bundle,org.eclipse.mylyn.commons.net,3.6.0.v20110608-1400,"org.eclipse.mylyn.commons.net",1776921153684
started,bundle,org.eclipse.mylyn.commons.ui,3.6.1.v20110720-0100,"org.eclipse.mylyn.commons.ui",1776921153685
started,bundle,org.eclipse.mylyn.context.core,3.6.1.v20110720-0100,"org.eclipse.mylyn.context.core",1776921153685
started,bundle,org.eclipse.mylyn.context.ui,3.6.1.v20120112-0100,"org.eclipse.mylyn.context.ui",1776921153686
started,bundle,org.eclipse.mylyn.monitor.ui,3.6.0.v20110608-1400,"org.eclipse.mylyn.monitor.ui",1776921153686
started,bundle,org.eclipse.mylyn.tasks.ui,3.6.5.v20120215-0100,"org.eclipse.mylyn.tasks.ui",1776921153687
started,bundle,org.eclipse.mylyn.team.ui,3.6.1.v20110825-0100,"org.eclipse.mylyn.team.ui",1776921153687
started,bundle,org.eclipse.search,3.7.0.v20110928-1504,"org.eclipse.search",1776921153688
started,bundle,org.eclipse.team.core,3.6.0.I20110525-0800,"org.eclipse.team.core",1776921153688
started,bundle,org.eclipse.team.cvs.core,3.3.400.I20110510-0800,"org.eclipse.team.cvs.core",1776921153688
started,bundle,org.eclipse.team.cvs.ui,3.3.401.v20120126-1227,"org.eclipse.team.cvs.ui",1776921153689
started,bundle,org.eclipse.team.ui,3.6.101.R37x_v20111109-0800,"org.eclipse.team.ui",1776921153689
started,bundle,org.eclipse.ui,3.7.0.v20110928-1505,"org.eclipse.ui",1776921153689
started,bundle,org.eclipse.ui.console,3.5.100.v20111007_r372,"org.eclipse.ui.console",1776921153689
started,bundle,org.eclipse.ui.editors,3.7.0.v20110928-1504,"org.eclipse.ui.editors",1776921153689
started,bundle,org.eclipse.ui.forms,3.5.101.v20111011-1919,"org.eclipse.ui.forms",1776921153690
started,bundle,org.eclipse.ui.ide,3.7.0.v20110928-1505,"org.eclipse.ui.ide",1776921153691
started,bundle,org.eclipse.ui.navigator,3.5.101.v20120106-1355,"org.eclipse.ui.navigator",1776921153691
started,bundle,org.eclipse.ui.navigator.resources,3.4.300.v20110928-1505,"org.eclipse.ui.navigator.resources",1776921153691
started,bundle,org.eclipse.ui.net,1.2.100.v20111208-1155,"org.eclipse.ui.net",1776921153691
started,bundle,org.eclipse.ui.views,3.6.0.v20110928-1505,"org.eclipse.ui.views",1776921153691
started,bundle,org.eclipse.ui.workbench,3.7.1.v20120104-1859,"org.eclipse.ui.workbench",1776921153692
started,bundle,org.eclipse.ui.workbench.texteditor,3.7.0.v20110928-1504,"org.eclipse.ui.workbench.texteditor",1776921153692
started,bundle,org.eclipse.update.configurator,3.3.100.v20100512,"org.eclipse.update.configurator",1776921153692
started,bundle,org.eclipse.update.core,3.2.500.v20110330,"org.eclipse.update.core",1776921153701
started,bundle,org.eclipse.update.scheduler,3.2.300.v20100512,"org.eclipse.update.scheduler",1776921153701
started,bundle,com.altera.sbtgui.integration,13.13.0.132,"com.altera.sbtgui.integration",1776921153701
started,bundle,com.altera.sbtgui.project,13.13.0.132,"com.altera.sbtgui.project",1776921153701
started,bundle,com.altera.systemconsole,13.13.0.132,"com.altera.systemconsole",1776921153702
started,bundle,com.altera.systemconsole.designs.plugin,13.13.0.132,"com.altera.systemconsole.designs.plugin",1776921153702
started,bundle,com.altera.utilities,13.13.0.132,"com.altera.utilities",1776921153702
os,sysinfo,,,"win32",1776921153704
arch,sysinfo,,,"x86",1776921153704
ws,sysinfo,,,"win32",1776921153704
locale,sysinfo,,,"en_US",1776921153704
processors,sysinfo,,,"12",1776921153704
java.runtime.name,sysinfo,,,"Java(TM) SE Runtime Environment",1776921153704
java.runtime.version,sysinfo,,,"1.6.0_23-b05",1776921153704
java.specification.name,sysinfo,,,"Java Platform API Specification",1776921153704
java.specification.vendor,sysinfo,,,"Sun Microsystems Inc.",1776921153704
java.specification.version,sysinfo,,,"1.6",1776921153704
java.vendor,sysinfo,,,"Sun Microsystems Inc.",1776921153704
java.version,sysinfo,,,"1.6.0_23",1776921153704
java.vm.info,sysinfo,,,"mixed mode",1776921153704
java.vm.name,sysinfo,,,"Java HotSpot(TM) Client VM",1776921153704
java.vm.specification.name,sysinfo,,,"Java Virtual Machine Specification",1776921153704
java.vm.specification.vendor,sysinfo,,,"Sun Microsystems Inc.",1776921153704
java.vm.specification.version,sysinfo,,,"1.0",1776921153704
java.vm.vendor,sysinfo,,,"Sun Microsystems Inc.",1776921153704
java.vm.version,sysinfo,,,"19.0-b09",1776921153704
activated,view,org.eclipse.ui.navigator.resources,3.4.300.v20110928-1505,"org.eclipse.ui.navigator.ProjectExplorer",1776921154648
started,bundle,com.altera.sbtgui.launch,13.13.0.132,"com.altera.sbtgui.launch",1776921154749
deactivated,workbench,org.eclipse.ui.workbench,3.7.1.v20120104-1859,"",1776921155741
opened,view,org.eclipse.ui.ide,3.7.0.v20110928-1505,"org.eclipse.ui.views.ProblemView",1776921158061
started,bundle,com.altera.sbtgui.core,13.13.0.132,"com.altera.sbtgui.core",1776921158307
closed,editor,org.eclipse.cdt.ui,5.3.2.201202111925,"org.eclipse.cdt.ui.editor.CEditor",1776921158378
started,bundle,org.eclipse.cdt.mylyn.ui,3.6.0.v20110608-1400,"org.eclipse.cdt.mylyn.ui",1776921158392
activated,workbench,org.eclipse.ui.workbench,3.7.1.v20120104-1859,"",1776921158444
executed,command,org.eclipse.ltk.ui.refactoring,3.6.0.v20110928-1453,"org.eclipse.ltk.ui.refactoring.commands.deleteResources",1776921158452
executed,command,org.eclipse.ui,3.7.0.v20110928-1505,"org.eclipse.ui.edit.delete",1776921158452
deactivated,workbench,org.eclipse.ui.workbench,3.7.1.v20120104-1859,"",1776921160641
activated,workbench,org.eclipse.ui.workbench,3.7.1.v20120104-1859,"",1776921162309
started,bundle,com.altera.sbtgui.ui,13.13.0.132,"com.altera.sbtgui.ui",1776921163600
started,bundle,org.eclipse.debug.ui,3.7.102.v20111129-1423_r372,"org.eclipse.debug.ui",1776921163744
started,bundle,org.eclipse.cdt.dsf,2.2.0.201202111925,"org.eclipse.cdt.dsf",1776921163746
started,bundle,org.eclipse.cdt.dsf.gdb,4.0.2.201202111925,"org.eclipse.cdt.dsf.gdb",1776921163747
started,bundle,org.eclipse.cdt.dsf.gdb.ui,2.2.1.201202111925,"org.eclipse.cdt.dsf.gdb.ui",1776921163747
deactivated,workbench,org.eclipse.ui.workbench,3.7.1.v20120104-1859,"",1776921165274
activated,workbench,org.eclipse.ui.workbench,3.7.1.v20120104-1859,"",1776921183678
started,bundle,org.eclipse.compare,3.5.202.R37x_v20111109-0800,"org.eclipse.compare",1776921184229
activated,view,org.eclipse.ui.console,3.5.100.v20111007_r372,"org.eclipse.ui.console.ConsoleView",1776921186206
deactivated,workbench,org.eclipse.ui.workbench,3.7.1.v20120104-1859,"",1776921186230
activated,workbench,org.eclipse.ui.workbench,3.7.1.v20120104-1859,"",1776921187877
activated,view,org.eclipse.ui.navigator.resources,3.4.300.v20110928-1505,"org.eclipse.ui.navigator.ProjectExplorer",1776921188838
deactivated,workbench,org.eclipse.ui.workbench,3.7.1.v20120104-1859,"",1776921191553
activated,workbench,org.eclipse.ui.workbench,3.7.1.v20120104-1859,"",1776921197823
deactivated,workbench,org.eclipse.ui.workbench,3.7.1.v20120104-1859,"",1776921200263
activated,workbench,org.eclipse.ui.workbench,3.7.1.v20120104-1859,"",1776921202305
deactivated,workbench,org.eclipse.ui.workbench,3.7.1.v20120104-1859,"",1776921202610
opened,editor,org.eclipse.cdt.ui,5.3.2.201202111925,"org.eclipse.cdt.ui.editor.CEditor",1776921202714
activated,workbench,org.eclipse.ui.workbench,3.7.1.v20120104-1859,"",1776921202777
activated,editor,org.eclipse.cdt.ui,5.3.2.201202111925,"org.eclipse.cdt.ui.editor.CEditor",1776921202789
deactivated,workbench,org.eclipse.ui.workbench,3.7.1.v20120104-1859,"",1776921202873
started,bundle,org.eclipse.cdt.codan.ui,2.0.1.201202111925,"org.eclipse.cdt.codan.ui",1776921203211
activated,workbench,org.eclipse.ui.workbench,3.7.1.v20120104-1859,"",1776921208463
executed,command,org.eclipse.ui,3.7.0.v20110928-1505,"org.eclipse.ui.edit.paste",1776921209741
deactivated,workbench,org.eclipse.ui.workbench,3.7.1.v20120104-1859,"",1776921222119
activated,workbench,org.eclipse.ui.workbench,3.7.1.v20120104-1859,"",1776921231961
executed,command,org.eclipse.ui,3.7.0.v20110928-1505,"org.eclipse.ui.edit.paste",1776921234142
deactivated,workbench,org.eclipse.ui.workbench,3.7.1.v20120104-1859,"",1776921234927
activated,workbench,org.eclipse.ui.workbench,3.7.1.v20120104-1859,"",1776921239206
executed,command,org.eclipse.ui,3.7.0.v20110928-1505,"org.eclipse.ui.edit.paste",1776921241288
deactivated,workbench,org.eclipse.ui.workbench,3.7.1.v20120104-1859,"",1776921243425
activated,workbench,org.eclipse.ui.workbench,3.7.1.v20120104-1859,"",1776921243977
executed,command,org.eclipse.ui,3.7.0.v20110928-1505,"org.eclipse.ui.file.save",1776921244042
activated,view,org.eclipse.ui.navigator.resources,3.4.300.v20110928-1505,"org.eclipse.ui.navigator.ProjectExplorer",1776921245782
deactivated,workbench,org.eclipse.ui.workbench,3.7.1.v20120104-1859,"",1776921249019
activated,workbench,org.eclipse.ui.workbench,3.7.1.v20120104-1859,"",1776921250163
started,bundle,org.eclipse.cdt.debug.core,7.1.0.201202111925,"org.eclipse.cdt.debug.core",1776921252104
started,bundle,org.eclipse.cdt.debug.ui,7.1.2.201202111925,"org.eclipse.cdt.debug.ui",1776921252106
started,bundle,org.eclipse.cdt.launch,7.0.0.201202111925,"org.eclipse.cdt.launch",1776921253170
deactivated,workbench,org.eclipse.ui.workbench,3.7.1.v20120104-1859,"",1776921254643
activated,workbench,org.eclipse.ui.workbench,3.7.1.v20120104-1859,"",1776921264663
deactivated,workbench,org.eclipse.ui.workbench,3.7.1.v20120104-1859,"",1776921270027
activated,workbench,org.eclipse.ui.workbench,3.7.1.v20120104-1859,"",1776921271350
started,bundle,com.altera.debug.cdi.gdb.plugin,13.13.0.132,"com.altera.debug.cdi.gdb.plugin",1776921279635
deactivated,workbench,org.eclipse.ui.workbench,3.7.1.v20120104-1859,"",1776921280503
activated,workbench,org.eclipse.ui.workbench,3.7.1.v20120104-1859,"",1776921280570
deactivated,workbench,org.eclipse.ui.workbench,3.7.1.v20120104-1859,"",1776921280611
activated,workbench,org.eclipse.ui.workbench,3.7.1.v20120104-1859,"",1776921281734
executed,command,,,"com.altera.sbtgui.launch.hardware.Nios2HardwareLaunchShortcut.run",1776921281746
deactivated,workbench,org.eclipse.ui.workbench,3.7.1.v20120104-1859,"",1776921284832
activated,workbench,org.eclipse.ui.workbench,3.7.1.v20120104-1859,"",1776921286153
